{"train_loss": [2.4688888029428098, 1.6376403065767697, 1.462527375128303, 1.3367607951007001, 1.2481242739418708, 1.1912629304088735, 1.0608166867331223, 1.028969099492634, 1.0115129250716939, 0.9665392819307739, 0.8632195587777051, 0.8785962195021132, 0.8271075391217304, 0.823717205803642, 0.8025887426036413], "val_loss": [2.880734802322664, 2.5090022333691238, 1.917654763798146, 2.041819677866034, 1.9797693777788905, 1.7990712516813647, 1.9109310584710373, 2.2437139960727155, 2.3682316053801005, 2.0103665159245137, 1.7742639902863857, 1.9276031277323953, 1.7640221446943642, 1.9388334577815394, 1.8099148936148037]}